City_ID,City,Country,Date,Lat,Lng,Max Temp,Humidity,Cloudiness,Wind Speed
0,Gat,IL,2021-04-11 20:12:22,31.61,34.7642,57.0,86,1,7.0
1,Punta Arenas,CL,2021-04-11 20:14:09,-53.15,-70.9167,59.0,36,0,17.27
2,Upernavik,GL,2021-04-11 20:15:06,72.7868,-56.1549,31.46,81,100,13.82
3,Victoria,HK,2021-04-11 20:12:05,22.2855,114.1577,73.0,86,91,1.01
4,East London,ZA,2021-04-11 20:15:07,-33.0153,27.9116,71.35,84,100,2.71
5,Hobart,AU,2021-04-11 20:11:17,-42.8794,147.3294,48.99,81,90,12.66
6,Haines Junction,CA,2021-04-11 20:14:21,60.7522,-137.5108,12.2,28,95,3.44
7,Benguela,AO,2021-04-11 20:14:17,-12.5763,13.4055,81.54,82,79,4.09
8,Margate,GB,2021-04-11 20:10:49,51.3813,1.3862,39.99,70,95,5.01
9,Lompoc,US,2021-04-11 20:13:48,34.6391,-120.4579,66.0,63,94,21.85
10,Westport,US,2021-04-11 20:11:27,41.1415,-73.3579,51.01,93,90,14.97
11,Ugoofaaru,MV,2021-04-11 20:15:08,5.6667,73.0,83.05,68,10,1.83
12,Bredasdorp,ZA,2021-04-11 20:15:08,-34.5322,20.0403,57.2,94,100,2.3
13,New Norfolk,AU,2021-04-11 20:14:32,-42.7826,147.0587,48.99,75,100,3.0
14,Bethel,US,2021-04-11 20:15:08,41.3712,-73.414,60.01,82,90,6.91
15,Bireun,ID,2021-04-11 20:15:09,5.203,96.7009,77.23,86,3,4.21
16,Mukhen,RU,2021-04-11 20:12:13,48.1,136.1,44.89,90,100,2.89
17,Jamestown,US,2021-04-11 20:10:47,42.097,-79.2353,63.0,55,90,5.75
18,Hobyo,SO,2021-04-11 20:05:12,5.3505,48.5268,82.78,62,60,11.43
19,Sorong,ID,2021-04-11 20:05:23,-0.8833,131.25,79.81,80,100,2.24
20,Arraial Do Cabo,BR,2021-04-11 20:12:46,-22.9661,-42.0278,86.0,69,0,11.5
21,Saint George,US,2021-04-11 20:05:14,37.1041,-113.5841,82.0,10,1,8.05
22,Komsomolskiy,UZ,2021-04-11 20:08:44,40.4272,71.7189,55.4,47,5,2.3
23,Mataura,NZ,2021-04-11 20:15:10,-46.1927,168.8643,48.0,98,78,1.99
24,Deputatskiy,RU,2021-04-11 20:05:20,69.3,139.9,-22.79,97,61,2.48
25,Cidreira,BR,2021-04-11 20:14:41,-30.1811,-50.2056,83.93,56,74,5.88
26,Ilulissat,GL,2021-04-11 20:15:11,69.2167,-51.1,33.8,51,20,17.27
27,Kapaa,US,2021-04-11 20:14:01,22.0752,-159.319,72.0,83,75,11.5
28,Homer,US,2021-04-11 20:15:11,59.6425,-151.5483,37.4,70,90,8.05
29,Campo Grande,BR,2021-04-11 20:15:11,-20.4428,-54.6464,87.8,48,40,5.75
30,Busselton,AU,2021-04-11 20:15:12,-33.65,115.3333,61.0,98,100,1.01
31,Lorengau,PG,2021-04-11 20:15:00,-2.0226,147.2712,78.37,90,100,12.03
32,Yenagoa,NG,2021-04-11 20:15:13,4.9247,6.2642,78.82,83,64,5.53
33,Mantua,IT,2021-04-11 20:05:55,45.1667,10.7833,51.01,90,100,1.01
34,Vaini,TO,2021-04-11 20:14:14,-21.2,-175.2,77.0,78,20,5.75
35,Ushuaia,AR,2021-04-11 20:15:13,-54.8,-68.3,50.0,53,75,19.57
36,Dikson,RU,2021-04-11 20:15:14,73.5069,80.5464,29.89,89,100,28.23
37,Patan,NP,2021-04-11 20:15:15,27.6667,85.3333,60.8,51,75,2.3
38,Hasaki,JP,2021-04-11 20:14:06,35.7333,140.8333,44.6,93,20,4.61
39,Dakar,SN,2021-04-11 20:13:02,14.6937,-17.4441,71.6,78,0,11.5
40,Albany,US,2021-04-11 20:13:23,42.6001,-73.9662,68.0,55,100,3.0
41,Tura,IN,2021-04-11 20:05:28,25.5198,90.2201,75.79,49,66,5.73
42,Vardo,NO,2021-04-11 20:05:21,70.3705,31.1107,32.0,80,75,23.02
43,Dunedin,NZ,2021-04-11 20:15:05,-45.8742,170.5036,57.0,83,57,2.75
44,Kursenai,LT,2021-04-11 20:15:16,55.985,22.9189,46.4,71,0,10.36
45,Smithers,CA,2021-04-11 20:15:17,54.7804,-127.1743,37.4,41,40,9.22
46,Sant Julia De Loria,AD,2021-04-11 20:15:17,42.4625,1.4825,39.99,87,100,7.29
47,Port Elizabeth,ZA,2021-04-11 20:15:17,-33.918,25.5701,62.6,94,40,3.44
48,Mayo,US,2021-04-11 20:15:18,38.8876,-76.5119,75.99,68,40,9.22
49,Tuktoyaktuk,CA,2021-04-11 20:14:15,69.4541,-133.0374,-11.2,64,1,5.75
50,Beatrice,US,2021-04-11 20:15:18,40.2681,-96.747,69.01,37,1,14.97
51,Barrow,US,2021-04-11 20:14:38,71.2906,-156.7887,-14.8,91,1,3.44
52,Atuona,PF,2021-04-11 20:11:20,-9.8,-139.0333,81.0,75,21,18.5
53,Chokwe,MZ,2021-04-11 20:15:19,-24.5333,32.9833,71.1,82,0,6.31
54,Thompson,CA,2021-04-11 20:15:19,55.7435,-97.8558,23.0,68,90,11.5
55,Tomatlan,MX,2021-04-11 20:06:39,19.9333,-105.25,87.22,42,62,12.39
56,Liverpool,GB,2021-04-11 20:01:48,53.4106,-2.9779,44.6,61,40,11.5
57,Mpika,ZM,2021-04-11 20:15:20,-11.8343,31.4529,61.79,96,99,8.61
58,Buala,SB,2021-04-11 20:07:03,-8.145,159.5921,78.94,79,100,0.89
59,Saskylakh,RU,2021-04-11 20:11:01,71.9167,114.0833,14.09,95,96,6.8
60,Kahului,US,2021-04-11 20:14:32,20.8947,-156.47,77.0,65,40,5.75
61,Avarua,CK,2021-04-11 20:15:21,-21.2078,-159.775,78.8,89,20,6.91
62,Nuuk,GL,2021-04-11 20:04:38,64.1835,-51.7216,35.6,69,20,14.97
63,Omsukchan,RU,2021-04-11 20:06:59,62.5333,155.8,-17.36,99,100,4.07
64,Cherskiy,RU,2021-04-11 20:15:22,68.75,161.3,-22.81,100,100,3.96
65,Aromashevo,RU,2021-04-11 20:15:22,56.8602,68.6375,35.89,78,47,12.5
66,Hermanus,ZA,2021-04-11 20:15:23,-34.4187,19.2345,64.0,90,100,3.0
67,Cape Town,ZA,2021-04-11 20:11:40,-33.9258,18.4232,66.0,94,0,12.66
68,Hilo,US,2021-04-11 20:13:07,19.7297,-155.09,80.6,44,40,6.91
69,Zabol,AF,2021-04-11 20:15:23,32.25,67.25,60.94,24,100,5.26
70,Pisco,PE,2021-04-11 20:14:46,-13.7,-76.2167,77.0,57,0,18.41
71,Souillac,MU,2021-04-11 20:15:24,-20.5167,57.5167,78.8,89,40,6.91
72,Pevek,RU,2021-04-11 20:11:23,69.7008,170.3133,-20.4,100,100,4.16
73,Ruteng,ID,2021-04-11 20:15:00,-8.6136,120.4721,59.76,81,15,1.72
74,Manokwari,ID,2021-04-11 20:15:18,-0.8667,134.0833,77.47,80,98,4.56
75,Rikitea,PF,2021-04-11 20:15:24,-23.1203,-134.9692,78.21,75,7,10.07
76,Nikolskoye,RU,2021-04-11 20:15:25,59.7035,30.7861,42.8,45,0,4.47
77,Havre,FR,2021-04-11 20:06:08,49.5833,0.3333,41.0,70,40,11.5
78,San Carlos De Bariloche,AR,2021-04-11 20:05:45,-41.1456,-71.3082,62.6,59,40,24.16
79,Baykit,RU,2021-04-11 20:05:59,61.67,96.37,29.28,97,100,2.62
80,Cariati,IT,2021-04-11 20:15:25,39.4922,16.9594,52.0,87,96,1.01
81,Clinton,US,2021-04-11 20:15:25,42.587,-82.9199,61.0,94,75,9.22
82,Jaffna,LK,2021-04-11 20:15:26,9.6685,80.0074,81.14,80,68,9.91
83,Kodinsk,RU,2021-04-11 20:15:26,58.6881,99.1844,29.48,98,100,3.11
84,Castro,BR,2021-04-11 20:14:18,-24.7911,-50.0119,75.74,57,19,4.88
85,Presidente Epitacio,BR,2021-04-11 20:15:27,-21.7633,-52.1156,94.39,19,0,4.61
86,Mount Gambier,AU,2021-04-11 20:15:27,-37.8333,140.7667,51.8,82,90,5.75
87,Youhao,CN,2021-04-11 20:15:28,47.8667,128.8333,41.83,92,100,3.09
88,Para De Minas,BR,2021-04-11 20:15:29,-19.8603,-44.6083,82.4,34,0,3.44
89,Luderitz,NA,2021-04-11 20:07:08,-26.6481,15.1594,75.24,45,0,2.95
90,Hay River,CA,2021-04-11 20:05:52,60.8156,-115.7999,10.4,67,100,8.05
91,Sistranda,NO,2021-04-11 20:12:19,63.7256,8.834,35.6,87,0,5.75
92,Atar,MR,2021-04-11 20:12:02,20.5169,-13.0499,86.5,15,2,11.34
93,Kaa-Khem,RU,2021-04-11 20:15:29,51.6833,94.7333,33.15,55,100,3.83
94,Kavieng,PG,2021-04-11 20:15:29,-2.5744,150.7967,77.16,87,100,3.13
95,Lieksa,FI,2021-04-11 20:15:30,63.3167,30.0167,30.67,90,61,6.78
96,Saint-Philippe,RE,2021-04-11 20:14:41,-21.3585,55.7679,78.8,73,0,5.75
97,Santa Barbara,US,2021-04-11 20:15:30,34.7333,-120.0343,69.01,55,1,4.61
98,Houma,US,2021-04-11 20:15:31,29.5958,-90.7195,81.0,38,1,8.79
99,Willemstad,CW,2021-04-11 20:15:32,12.1084,-68.9335,84.2,70,20,11.5
100,Lynchburg,US,2021-04-11 20:15:11,37.4138,-79.1423,73.99,40,90,10.36
101,Bluff,NZ,2021-04-11 20:15:33,-46.6,168.3333,48.0,98,20,1.99
102,Port Alfred,ZA,2021-04-11 20:15:33,-33.5906,26.891,66.96,91,95,3.56
103,Paranaiba,BR,2021-04-11 20:15:33,-19.6772,-51.1908,91.72,18,0,4.74
104,Bengkulu,ID,2021-04-11 20:11:21,-3.8004,102.2655,75.24,91,100,3.78
105,Camana,PE,2021-04-11 20:15:29,-16.6228,-72.7111,71.02,72,79,9.4
106,Banda Aceh,ID,2021-04-11 20:15:34,5.5577,95.3222,79.7,80,6,3.13
107,Tocopilla,CL,2021-04-11 20:15:35,-22.092,-70.1979,70.95,66,17,8.1
108,Chuy,UY,2021-04-11 20:11:24,-33.6971,-53.4616,65.08,77,89,22.19
109,Bridlington,GB,2021-04-11 20:15:35,54.0831,-0.1919,35.01,77,87,3.0
110,Mama,RU,2021-04-11 20:15:36,58.3106,112.8986,2.34,97,100,3.0
111,Beloha,MG,2021-04-11 20:15:36,-25.1667,45.05,72.86,89,24,11.07
112,Izumo,JP,2021-04-11 20:15:37,35.3667,132.7667,48.2,71,75,4.61
113,Tulum,MX,2021-04-11 20:15:37,20.2167,-87.4667,87.01,70,75,11.5
114,Mehamn,NO,2021-04-11 20:10:53,71.0357,27.8492,35.6,75,40,25.32
115,Korostyshiv,UA,2021-04-11 20:15:04,50.3172,29.0563,44.92,62,0,6.73
116,Lebu,CL,2021-04-11 20:15:37,-37.6167,-73.65,60.4,75,0,14.05
117,Kruisfontein,ZA,2021-04-11 20:14:34,-34.0033,24.7314,61.0,89,100,1.99
118,Thaba Nchu,ZA,2021-04-11 20:13:03,-29.2093,26.839,60.8,67,13,2.3
119,Vestmannaeyjar,IS,2021-04-11 20:05:47,63.4427,-20.2734,41.29,89,100,18.59
120,Kirakira,SB,2021-04-11 20:14:49,-10.4544,161.9205,78.66,84,100,0.25
121,Hohhot,CN,2021-04-11 20:06:43,40.8106,111.6522,44.6,70,40,8.95
122,Thiruvananthapuram,IN,2021-04-11 20:15:38,8.4833,76.9167,80.6,94,40,2.3
123,Amapa,BR,2021-04-11 20:05:57,1.0,-52.0,77.4,96,98,3.38
124,Enshi,CN,2021-04-11 20:15:39,30.3,109.4833,53.02,96,100,2.91
125,Aklavik,CA,2021-04-11 20:15:21,68.2191,-135.0107,-2.2,50,1,6.91
126,Santa Maria Di Sala,IT,2021-04-11 20:15:40,45.5069,12.0297,51.01,95,98,1.99
127,Buluang,PH,2021-04-11 20:15:40,13.3068,123.3425,72.9,88,94,4.74
128,Vila Velha,BR,2021-04-11 20:14:16,-20.3297,-40.2925,80.6,69,0,6.91
129,Betioky,MG,2021-04-11 20:15:41,-23.7167,44.3833,73.13,73,0,8.01
130,Butaritari,KI,2021-04-11 20:11:39,3.0707,172.7902,80.78,78,34,9.46
131,Chadiza,ZM,2021-04-11 20:15:41,-14.0678,32.4392,62.55,94,100,3.06
132,Oranjestad,AW,2021-04-11 20:15:41,12.524,-70.027,84.2,70,40,24.16
133,Mahebourg,MU,2021-04-11 20:11:18,-20.4081,57.7,78.8,89,75,10.36
134,Mareeba,AU,2021-04-11 20:15:42,-17.0,145.4333,71.6,94,2,1.14
135,Hamilton,US,2021-04-11 20:15:12,39.1834,-84.5333,52.0,82,90,16.11
136,Broken Hill,AU,2021-04-11 20:06:21,-31.95,141.4333,44.6,65,21,4.61
137,Khatanga,RU,2021-04-11 20:11:11,71.9667,102.5,17.46,85,98,12.75
138,Bekovo,RU,2021-04-11 20:15:43,52.4663,43.712,41.59,96,100,9.28
139,Ahuimanu,US,2021-04-11 20:14:11,21.4447,-157.8378,75.2,68,75,6.91
140,Bolitoc,PH,2021-04-11 20:15:43,15.7395,119.8769,77.9,73,54,4.27
141,Puerto Ayora,EC,2021-04-11 20:15:43,-0.7393,-90.3518,82.4,74,40,9.22
142,West Bay,KY,2021-04-11 20:07:11,19.3667,-81.4167,86.0,70,40,12.66
143,Saint-Augustin,CA,2021-04-11 20:15:28,51.226,-58.6502,44.13,89,100,21.39
144,Ostrovnoy,RU,2021-04-11 20:12:31,68.0531,39.5131,34.11,83,100,25.88
145,Graaff-Reinet,ZA,2021-04-11 20:15:44,-32.2522,24.5308,66.0,56,100,1.01
146,Rocha,UY,2021-04-11 20:15:45,-34.4833,-54.3333,62.85,83,100,24.16
147,Vrangel,RU,2021-04-11 20:15:45,42.7297,133.0839,41.38,91,99,5.57
148,Mar Del Plata,AR,2021-04-11 20:11:45,-38.0023,-57.5575,68.0,56,20,16.11
149,Palmer,US,2021-04-11 20:14:06,42.1584,-72.3287,51.8,71,90,13.8
150,Mollendo,PE,2021-04-11 20:07:19,-17.0231,-72.0147,69.51,75,100,9.13
151,Pitea,SE,2021-04-11 20:15:46,65.3172,21.4794,37.4,60,3,4.61
152,Airai,TL,2021-04-11 20:15:09,-8.9266,125.4092,58.24,88,29,2.24
153,Shizunai,JP,2021-04-11 20:15:46,42.3339,142.3669,38.97,72,13,3.76
154,San Cristobal,VE,2021-04-11 20:15:46,7.7669,-72.225,87.8,58,40,13.8
155,Guayaramerin,BO,2021-04-11 20:15:47,-10.8368,-65.3614,91.4,58,20,4.61
156,Miri,MY,2021-04-11 20:14:26,4.4148,114.0089,77.0,94,40,3.44
157,Tiksi,RU,2021-04-11 20:11:14,71.6872,128.8694,2.1,73,100,7.74
158,Arman,RU,2021-04-11 20:15:47,59.7,150.1667,7.43,87,100,13.24
159,Olafsvik,IS,2021-04-11 20:15:48,64.8945,-23.7142,36.3,82,99,18.54
160,Carutapera,BR,2021-04-11 20:14:46,-1.195,-46.02,80.11,81,100,7.16
161,Iqaluit,CA,2021-04-11 20:11:43,63.7506,-68.5145,28.4,93,90,20.71
162,Georgetown,MY,2021-04-11 20:13:02,5.4112,100.3354,81.0,89,20,3.83
163,Emba,KZ,2021-04-11 20:01:27,48.8264,58.1442,45.14,66,0,10.25
164,Qaanaaq,GL,2021-04-11 20:11:07,77.484,-69.3632,22.93,96,100,8.41
165,Hami,CN,2021-04-11 20:15:49,42.8,93.45,53.96,26,100,5.73
166,Ambagarh Chauki,IN,2021-04-11 20:15:49,20.7833,80.7167,79.56,40,86,4.72
167,Mount Isa,AU,2021-04-11 20:15:50,-20.7333,139.5,66.2,30,0,11.5
168,Carnarvon,AU,2021-04-11 20:14:27,-24.8667,113.6333,78.8,89,90,16.11
169,Freeport,US,2021-04-11 20:11:11,40.6576,-73.5832,57.0,94,90,12.66
170,Roald,NO,2021-04-11 20:15:26,62.5833,6.1333,39.2,75,20,16.11
171,Shieli,KZ,2021-04-11 20:15:51,44.1667,66.75,48.38,75,60,9.78
172,Surat Thani,TH,2021-04-11 20:15:51,9.1667,99.25,80.01,85,84,2.59
173,Borovoy,RU,2021-04-11 20:15:51,55.4333,86.0833,39.2,52,0,4.47
174,Corinto,GR,2021-04-11 20:14:26,37.9407,22.9573,51.01,58,0,1.01
175,Puerto Escondido,MX,2021-04-11 20:11:08,15.85,-97.0667,86.0,74,20,11.5
176,Howard Springs,AU,2021-04-11 20:15:52,-12.497,131.047,80.6,83,40,6.91
177,Dongsheng,CN,2021-04-11 20:11:46,39.8161,109.9776,43.56,82,100,9.37
178,Naze,JP,2021-04-11 20:08:37,28.3667,129.4833,64.71,69,48,19.89
179,Cairns,AU,2021-04-11 20:11:22,-16.9167,145.7667,71.6,94,4,1.14
180,Petropavlovsk-Kamchatskiy,RU,2021-04-11 20:15:26,53.0452,158.6483,24.8,80,55,4.47
181,Sabha,LY,2021-04-11 20:15:53,27.0377,14.4283,79.65,13,99,21.12
182,Chokurdakh,RU,2021-04-11 20:14:26,70.6333,147.9167,-16.1,99,64,9.19
183,San Patricio,US,2021-04-11 20:14:15,28.017,-97.5169,84.0,61,40,12.66
184,Madanapalle,IN,2021-04-11 20:15:54,13.55,78.5,72.21,85,9,4.97
185,Cabo San Lucas,MX,2021-04-11 20:14:48,22.8909,-109.9124,82.0,41,75,11.5
186,Kota,IN,2021-04-11 20:14:26,25.1833,75.8333,85.46,11,2,2.75
187,Tasiilaq,GL,2021-04-11 20:15:55,65.6145,-37.6368,30.2,69,0,4.92
188,Yellowknife,CA,2021-04-11 20:10:54,62.456,-114.3525,9.0,66,90,4.61
189,Sitka,US,2021-04-11 20:15:36,57.0531,-135.33,37.4,75,90,3.4
190,Fallon,US,2021-04-11 20:15:56,39.4735,-118.7774,57.2,19,20,10.36
191,Talnakh,RU,2021-04-11 20:15:56,69.4865,88.3972,27.07,92,100,13.22
192,Saint-Louis,SN,2021-04-11 20:15:57,16.3333,-15.0,104.0,14,0,2.3
193,Vila Franca Do Campo,PT,2021-04-11 20:15:57,37.7167,-25.4333,62.6,94,75,5.75
194,Bandarbeyla,SO,2021-04-11 20:14:40,9.4942,50.8122,79.54,69,8,8.3
195,Bathsheba,BB,2021-04-11 20:15:45,13.2167,-59.5167,80.6,65,20,13.8
196,Kandrian,PG,2021-04-11 20:15:57,-6.2167,149.55,76.59,91,100,8.59
197,Shingu,JP,2021-04-11 20:14:25,33.7333,135.9833,52.93,77,100,5.84
198,Fairbanks,US,2021-04-11 20:15:58,64.8378,-147.7164,23.0,33,1,12.66
199,Boueni,YT,2021-04-11 20:15:58,-12.9025,45.0761,78.8,89,0,4.61
200,Barra Do Garcas,BR,2021-04-11 20:14:47,-15.89,-52.2567,93.2,52,20,2.3
201,Jinchang,CN,2021-04-11 20:13:27,38.4953,102.1739,43.41,65,0,3.27
202,Biak,ID,2021-04-11 20:08:19,-0.9131,122.8766,77.07,80,92,2.44
203,Bilma,NE,2021-04-11 20:15:59,18.6853,12.9164,86.92,7,23,10.6
204,Jaciara,BR,2021-04-11 20:15:59,-15.9653,-54.9683,83.5,62,69,0.87
205,Bac Lieu,VN,2021-04-11 20:16:00,9.285,105.7244,82.76,70,94,12.37
206,Havoysund,NO,2021-04-11 20:06:56,70.9963,24.6622,33.8,80,90,24.16
207,Coihueco,CL,2021-04-11 20:16:00,-36.6167,-71.8333,75.2,38,0,18.41
208,Saldanha,ZA,2021-04-11 20:16:00,-33.0117,17.9442,64.4,77,100,4.61
209,Turukhansk,RU,2021-04-11 20:16:01,65.8167,87.9833,21.67,91,100,9.37
210,Ligayan,PH,2021-04-11 20:15:42,4.6533,119.4706,82.92,77,100,10.49
211,Ribeira Grande,PT,2021-04-11 20:13:49,38.5167,-28.7,62.6,94,75,5.75
212,Bambous Virieux,MU,2021-04-11 20:16:01,-20.3428,57.7575,78.8,89,40,6.91
213,Tuatapere,NZ,2021-04-11 20:13:22,-46.1333,167.6833,48.0,98,79,1.01
214,Touros,BR,2021-04-11 20:11:44,-5.1989,-35.4608,82.4,78,40,10.36
215,Waipawa,NZ,2021-04-11 20:11:02,-41.4122,175.5153,62.6,88,20,11.5
216,Kieta,PG,2021-04-11 20:11:48,-6.2167,155.6333,77.76,79,91,2.3
217,Lewiston,US,2021-04-11 20:15:47,44.1003,-70.2148,55.4,54,100,4.61
218,Narsaq,GL,2021-04-11 20:15:23,60.9167,-46.05,51.8,25,0,13.8
219,Quzhou,CN,2021-04-11 20:16:02,28.9594,118.8686,59.77,98,97,1.3
220,Bendigo,AU,2021-04-11 20:16:03,-36.7667,144.2833,43.0,49,7,5.08
221,Batemans Bay,AU,2021-04-11 20:14:25,-35.7167,150.1833,53.01,58,4,3.0
222,Nemuro,JP,2021-04-11 20:16:03,43.3236,145.575,36.14,86,4,8.52
223,Burnie,AU,2021-04-11 20:16:04,-41.0667,145.9167,46.0,83,43,5.01
224,Basco,PH,2021-04-11 20:16:04,20.4487,121.9702,76.73,82,45,20.78
225,Sambava,MG,2021-04-11 20:16:05,-14.2667,50.1667,76.59,87,100,10.0
226,Carquefou,FR,2021-04-11 20:16:05,47.2982,-1.4902,41.0,87,0,3.44
227,Koutsouras,GR,2021-04-11 20:16:06,35.0339,25.9469,54.9,61,0,11.79
228,Dingle,PH,2021-04-11 20:15:35,10.9995,122.6711,75.0,84,98,6.4
229,Shitkino,RU,2021-04-11 20:16:06,56.3703,98.3543,29.23,96,100,5.95
230,Severo-Kurilsk,RU,2021-04-11 20:16:07,50.6789,156.125,31.42,66,100,7.4
231,Baisha,CN,2021-04-11 20:16:07,26.5222,110.9311,59.97,99,100,1.9
232,Jeremie,HT,2021-04-11 20:06:19,18.65,-74.1167,79.95,73,85,2.68
233,Catemaco,MX,2021-04-11 20:16:08,18.4167,-95.1167,86.0,70,1,11.5
234,Lavrentiya,RU,2021-04-11 20:16:08,65.5833,-171.0,5.29,64,100,33.91
235,Longyearbyen,SJ,2021-04-11 20:11:13,78.2186,15.6401,19.4,58,75,19.57
236,Torbay,CA,2021-04-11 20:11:55,47.6666,-52.7314,35.01,100,90,10.36
237,Virginia Beach,US,2021-04-11 20:16:09,36.8529,-75.978,79.0,50,96,5.99
238,Alta Floresta,BR,2021-04-11 20:15:31,-9.8756,-56.0861,91.4,52,20,6.91
239,Faanui,PF,2021-04-11 20:11:31,-16.4833,-151.75,82.42,71,100,11.07
240,Ayan,RU,2021-04-11 20:16:09,56.45,138.1667,10.99,74,94,10.96
241,Kodiak,US,2021-04-11 20:16:10,57.79,-152.4072,39.2,87,90,20.71
242,Walvis Bay,NA,2021-04-11 20:16:10,-22.9575,14.5053,78.01,56,6,1.01
243,Belaya,UA,2021-04-11 20:12:17,49.029,25.7706,52.0,35,90,11.39
244,Kaitangata,NZ,2021-04-11 20:14:29,-46.2817,169.8464,50.77,97,40,3.11
245,Laukaa,RU,2021-04-11 20:16:10,58.7372,29.8453,42.78,81,100,6.62
246,Barda,AZ,2021-04-11 20:16:11,40.3744,47.1267,57.47,80,100,3.49
247,Vaitape,PF,2021-04-11 20:16:11,-16.5167,-151.75,82.44,71,100,11.1
248,Jalu,LY,2021-04-11 20:11:18,29.0331,21.5482,64.0,20,1,11.72
249,Pahrump,US,2021-04-11 20:14:57,36.2083,-115.9839,82.99,8,100,7.0
250,Talaya,RU,2021-04-11 20:15:29,61.3833,152.75,-11.04,98,100,3.29
251,Sao Filipe,CV,2021-04-11 20:15:03,14.8961,-24.4956,76.55,64,0,8.19
252,Ancud,CL,2021-04-11 20:15:14,-41.8697,-73.8203,59.0,100,75,14.97
253,Sinnamary,GF,2021-04-11 20:08:40,5.3833,-52.95,80.44,79,52,4.85
254,Caravelas,BR,2021-04-11 20:12:44,-17.7125,-39.2481,78.58,72,22,6.51
255,Remedios,CU,2021-04-11 20:16:14,22.4947,-79.5458,93.2,40,20,14.97
256,Plettenberg Bay,ZA,2021-04-11 20:16:14,-34.0527,23.3716,62.65,83,100,2.98
257,Emerald,AU,2021-04-11 20:15:35,-23.5333,148.1667,64.4,39,0,16.11
258,Dhidhdhoo,MV,2021-04-11 20:04:19,6.8833,73.1,83.28,65,7,2.06
259,Necochea,AR,2021-04-11 20:11:49,-38.5473,-58.7368,66.0,78,0,5.99
260,Katsuura,JP,2021-04-11 20:16:16,35.1333,140.3,53.6,76,20,6.91
261,Chauk,MM,2021-04-11 20:16:16,20.8833,94.8167,84.49,57,7,8.3
262,Moultrie,US,2021-04-11 20:16:17,31.1799,-83.7891,69.8,88,90,5.75
263,Lima,PE,2021-04-11 20:14:43,-12.0432,-77.0282,77.0,61,0,8.05
264,Selizharovo,RU,2021-04-11 20:16:17,56.8519,33.4487,45.16,86,99,4.23
265,Torit,SS,2021-04-11 20:16:17,4.4133,32.5678,75.61,72,69,1.12
266,Fortuna,US,2021-04-11 20:16:18,40.5982,-124.1573,57.99,66,1,13.8
267,Semey,KZ,2021-04-11 20:16:18,50.4111,80.2275,34.36,75,0,7.31
268,Ghanzi,BW,2021-04-11 20:16:19,-21.5667,21.7833,69.17,35,0,6.17
269,Rock Springs,US,2021-04-11 20:14:28,41.5875,-109.2029,44.6,23,1,9.22
270,Charlestown,AU,2021-04-11 20:16:19,-32.95,151.6667,48.99,67,0,6.93
271,Dustlik,UZ,2021-04-11 20:16:20,40.5247,68.0358,49.6,47,0,6.33
272,Rincon,US,2021-04-11 20:16:20,32.296,-81.2354,73.4,68,75,16.11
273,Clyde River,CA,2021-04-11 20:13:18,70.4692,-68.5914,32.0,74,75,12.66
274,Poum,NC,2021-04-11 20:11:43,-20.2333,164.0167,76.84,85,99,11.9
275,San Joaquin,US,2021-04-11 20:16:21,37.9333,-121.3011,75.99,28,1,12.66
276,Mandalgovi,MN,2021-04-11 20:08:57,45.7625,106.2708,18.05,50,79,18.52
277,Kirovskiy,RU,2021-04-11 20:16:21,45.0917,133.5136,44.47,75,99,6.82
278,Baruun-Urt,MN,2021-04-11 20:12:29,46.6806,113.2792,26.28,59,99,9.8
279,Cabedelo,BR,2021-04-11 20:07:02,-6.9811,-34.8339,78.8,100,40,8.05
280,Khash,IR,2021-04-11 20:16:22,28.2211,61.2158,66.65,19,45,6.13
281,Huitzo,MX,2021-04-11 20:16:22,19.9667,-102.0667,82.0,28,1,11.5
282,Gizo,SB,2021-04-11 20:15:41,-8.103,156.8419,80.26,78,99,4.21
283,Louis Trichardt,ZA,2021-04-11 20:16:23,-23.0439,29.9032,63.5,60,0,3.71
284,Wah,PK,2021-04-11 20:16:23,33.798,72.6957,72.0,47,79,1.01
285,Santa Maria,BR,2021-04-11 20:11:35,-29.6842,-53.8069,77.0,73,75,9.22
286,Meulaboh,ID,2021-04-11 20:15:27,4.1363,96.1285,77.13,87,98,2.71
287,Parainen,FI,2021-04-11 20:16:24,60.3067,22.301,44.01,49,0,6.91
288,Manzhouli,CN,2021-04-11 20:16:24,49.6,117.4333,25.56,39,88,9.26
289,Yozgat,TR,2021-04-11 20:16:24,39.5833,35.3333,32.77,99,100,2.55
290,Loanda,AO,2021-04-11 20:14:09,-8.8368,13.2343,82.4,83,40,10.36
291,Norsup,VU,2021-04-11 20:14:24,-16.0667,167.3833,78.39,80,93,1.77
292,Zharkent,KZ,2021-04-11 20:16:25,44.1628,80.0,56.52,35,0,5.84
293,Henties Bay,NA,2021-04-11 20:06:44,-22.116,14.2845,78.01,57,1,1.01
294,Ponta Do Sol,PT,2021-04-11 20:13:42,32.6667,-17.1,62.01,78,100,1.99
295,Yumen,CN,2021-04-11 20:16:25,40.2833,97.2,44.56,30,39,17.05
296,Esperance,AU,2021-04-11 20:14:52,-33.8667,121.9,62.6,63,40,20.71
297,Fukue,JP,2021-04-11 20:14:39,32.6881,128.8419,62.31,70,100,17.65
298,Cayenne,GF,2021-04-11 20:16:26,4.9333,-52.3333,86.0,70,0,9.22
299,Astoria,US,2021-04-11 20:16:26,46.1879,-123.8313,51.8,46,1,6.91
300,Angicos,BR,2021-04-11 20:16:27,-5.6656,-36.6011,88.77,46,100,15.88
301,Gornopravdinsk,RU,2021-04-11 20:16:27,60.05,69.9,43.81,95,100,9.8
302,Bodaybo,RU,2021-04-11 20:16:28,57.8506,114.1933,6.69,98,100,1.34
303,Hithadhoo,MV,2021-04-11 20:11:33,-0.6,73.0833,82.94,73,97,10.74
304,Soledar,UA,2021-04-11 20:16:28,48.6794,38.089,51.15,77,100,12.64
305,Rosamorada,MX,2021-04-11 20:16:28,22.1222,-105.2058,94.64,24,49,10.47
306,Tomball,US,2021-04-11 20:12:48,30.0972,-95.6161,87.01,20,1,3.15
307,Provideniya,RU,2021-04-11 20:16:08,64.3833,-173.3,9.79,87,100,28.39
308,Codrington,AU,2021-04-11 20:14:59,-38.2667,141.9667,54.46,76,92,8.79
309,Faya,SA,2021-04-11 20:16:29,18.3851,42.4509,64.4,48,0,3.47
310,Huaihua,CN,2021-04-11 20:16:29,27.5494,109.9592,56.34,99,100,2.66
311,Manicore,BR,2021-04-11 20:13:55,-5.8092,-61.3003,80.55,90,96,2.57
312,Bambanglipuro,ID,2021-04-11 20:16:30,-7.95,110.2833,76.55,89,92,2.06
313,Yingcheng,CN,2021-04-11 20:16:30,30.95,113.55,55.4,100,90,2.24
314,Alofi,NU,2021-04-11 20:15:02,-19.0595,-169.9187,78.8,83,75,3.44
315,Abu Samrah,SY,2021-04-11 20:14:12,35.3029,37.1841,45.97,73,3,5.32
316,Nome,US,2021-04-11 20:14:05,64.5011,-165.4064,23.0,86,90,24.16
317,Itarema,BR,2021-04-11 20:16:31,-2.9248,-39.9167,81.28,77,100,12.3
318,Bellavista,PE,2021-04-11 20:16:31,-7.0561,-76.5911,91.4,55,40,4.61
319,Shenjiamen,CN,2021-04-11 20:16:32,29.9576,122.298,60.3,95,100,17.25
320,Tibati,CM,2021-04-11 20:16:32,6.4667,12.6333,70.11,79,98,3.13
321,Namibe,AO,2021-04-11 20:14:39,-15.1961,12.1522,80.47,69,53,5.41
322,North Bend,US,2021-04-11 20:16:34,43.4065,-124.2243,55.0,58,1,20.71
323,Nishihara,JP,2021-04-11 20:08:54,26.1842,127.7558,69.8,73,40,11.5
324,Ahipara,NZ,2021-04-11 20:16:36,-35.1667,173.1667,65.17,84,32,2.21
325,Bam,IR,2021-04-11 20:16:36,29.106,58.357,77.14,16,11,10.96
326,Agnibilekrou,CI,2021-04-11 20:16:36,7.1344,-3.2047,73.69,93,69,6.62
327,Ahtopol,BG,2021-04-11 20:16:37,42.1,27.95,39.2,60,0,4.61
328,Sao Joao Da Barra,BR,2021-04-11 20:16:06,-21.6403,-41.0511,82.4,61,0,9.22
329,Kapoeta,SS,2021-04-11 20:16:37,4.7717,33.5903,83.73,47,86,4.18
330,Norman Wells,CA,2021-04-11 20:16:27,65.282,-126.8329,3.2,47,1,10.36
331,Yar-Sale,RU,2021-04-11 20:16:28,66.8333,70.8333,30.96,98,100,15.77
332,Grindavik,IS,2021-04-11 20:09:01,63.8424,-22.4338,39.2,87,75,16.11
333,Sabang,ID,2021-04-11 20:16:31,5.8933,95.3214,82.4,73,3,4.36
334,Coos Bay,US,2021-04-11 20:16:38,43.3665,-124.2179,55.0,58,1,20.71
335,Lagoa,PT,2021-04-11 20:08:46,39.05,-27.9833,62.8,83,100,7.4
336,Ambon,ID,2021-04-11 20:16:39,-3.6954,128.1814,75.2,88,40,8.05
337,Asau,RO,2021-04-11 20:15:09,46.4333,26.4,41.0,46,0,2.8
338,Odweyne,SO,2021-04-11 20:12:53,9.4092,45.064,77.02,31,14,8.84
339,Foumban,CM,2021-04-11 20:16:40,5.7291,10.9001,64.0,94,99,2.57
340,Beringovskiy,RU,2021-04-11 20:07:16,63.05,179.3167,2.59,94,100,24.2
341,Geraldton,AU,2021-04-11 20:16:10,-28.7667,114.6,75.2,88,90,20.71
342,Sechura,PE,2021-04-11 20:16:40,-5.5569,-80.8222,80.49,60,100,13.76
343,Sangar,RU,2021-04-11 20:04:33,63.9242,127.4739,-9.98,90,47,3.04
344,Svetlogorsk,BY,2021-04-11 20:16:38,52.6333,29.7333,46.63,65,0,7.2
345,Kroya,ID,2021-04-11 20:16:41,-7.6331,109.2461,77.76,87,92,1.61
346,Longkou,CN,2021-04-11 20:16:41,37.6508,120.3286,48.24,95,100,11.74
347,Sainte-Rose,GP,2021-04-11 20:16:42,16.3324,-61.6979,82.4,54,90,9.22
348,Kysyl-Syr,RU,2021-04-11 20:06:49,63.8986,122.7617,-7.26,95,28,4.36
349,Evensk,RU,2021-04-11 20:14:03,61.95,159.2333,-3.35,78,16,10.74
350,Erenhot,CN,2021-04-11 20:16:42,43.6475,111.9767,34.0,65,100,25.28
351,Moose Factory,CA,2021-04-11 20:16:43,51.2585,-80.6094,41.0,87,90,13.8
352,Pochutla,MX,2021-04-11 20:16:43,15.7432,-96.4661,90.0,55,1,11.5
353,Sorland,NO,2021-04-11 20:16:43,67.667,12.6934,33.8,80,75,9.22
354,Batagay-Alyta,RU,2021-04-11 20:16:39,67.8006,130.4114,-18.51,75,9,5.93
355,Lake Havasu City,US,2021-04-11 20:15:57,34.4839,-114.3224,91.0,8,1,3.44
356,Baghdad,IQ,2021-04-11 20:16:44,33.3406,44.4009,59.0,41,0,6.91
357,Tabou,CI,2021-04-11 20:07:24,4.423,-7.3528,81.34,82,16,9.51
358,Providencia,MX,2021-04-11 20:16:45,28.7167,-111.5833,86.0,43,78,7.0
359,Marsa Matruh,EG,2021-04-11 20:14:27,31.3525,27.2453,59.0,55,20,8.05
360,Lucea,JM,2021-04-11 20:16:45,18.451,-78.1736,86.0,70,20,9.22
361,Tautira,PF,2021-04-11 20:13:32,-17.7333,-149.15,86.0,66,75,9.22
362,Bulgan,MN,2021-04-11 20:16:46,48.8125,103.5347,10.04,75,1,4.14
363,Sydney,AU,2021-04-11 20:16:44,-33.8679,151.2073,48.99,64,0,5.99
364,Khandyga,RU,2021-04-11 20:16:46,62.6667,135.6,11.44,96,100,1.7
365,Viedma,AR,2021-04-11 20:08:17,-40.8135,-62.9967,71.71,29,0,12.77
366,Berbera,SO,2021-04-11 20:16:46,10.4396,45.0143,80.38,80,26,0.72
367,Vermilion,US,2021-04-11 20:16:47,40.1667,-87.7506,51.8,87,90,18.41
368,Murree,PK,2021-04-11 20:16:47,33.9073,73.393,72.0,47,95,1.01
369,Kati,ML,2021-04-11 20:16:48,12.7441,-8.0726,95.0,17,20,5.75
370,Codo,BR,2021-04-11 20:16:48,-4.4553,-43.8856,85.62,71,100,1.99
371,Carballo,ES,2021-04-11 20:16:48,43.213,-8.691,50.0,63,3,3.0
372,Andenes,NO,2021-04-11 20:16:49,69.3143,16.1194,33.8,80,75,17.27
373,Hurghada,EG,2021-04-11 20:16:49,27.2574,33.8129,66.2,26,0,10.36
374,Ponta Delgada,PT,2021-04-11 20:16:49,37.7333,-25.6667,62.6,94,75,5.75
375,Dolores,AR,2021-04-11 20:16:50,-36.3132,-57.6792,65.19,71,1,12.19
376,Launceston,AU,2021-04-11 20:16:50,-41.45,147.1667,42.8,70,40,1.14
377,Laguna,US,2021-04-11 20:09:02,38.421,-121.4238,75.99,28,1,6.02
378,Kamenka,RU,2021-04-11 20:16:51,51.3223,42.7678,44.01,92,100,10.16
379,Minab,IR,2021-04-11 20:16:51,27.1467,57.0801,75.2,73,3,4.61
380,Saiha,IN,2021-04-11 20:16:52,22.4833,92.9667,67.12,65,3,3.74
381,Micco,US,2021-04-11 20:16:52,27.8806,-80.5003,66.0,90,100,26.37
382,Nanortalik,GL,2021-04-11 20:16:04,60.1432,-45.2371,37.89,59,0,5.66
383,Ormara,PK,2021-04-11 20:16:53,25.2088,64.6357,79.45,72,0,15.55
384,Katiola,CI,2021-04-11 20:16:07,8.1333,-5.1,84.2,70,40,4.61
385,Kingsport,US,2021-04-11 20:12:20,36.5484,-82.5618,69.01,32,40,20.71
386,Coolum Beach,AU,2021-04-11 20:16:53,-26.5333,153.1,55.99,59,1,11.59
387,Zyryanka,RU,2021-04-11 20:12:15,65.75,150.85,-24.39,100,100,0.89
388,Neyvo-Shaytanskiy,RU,2021-04-11 20:16:54,57.7286,61.2496,46.74,92,100,6.69
389,Qaqortoq,GL,2021-04-11 20:16:55,60.7167,-46.0333,51.8,25,0,13.8
390,Chase,CA,2021-04-11 20:16:55,50.8165,-119.6857,48.2,29,97,4.61
391,Portland,US,2021-04-11 20:14:38,45.5234,-122.6762,55.0,37,20,6.91
392,Wanning,CN,2021-04-11 20:16:55,18.8003,110.3967,74.08,84,87,1.88
393,Mayumba,GA,2021-04-11 20:15:13,-3.432,10.6554,81.0,84,74,2.62
394,Antalaha,MG,2021-04-11 20:16:56,-14.9003,50.2788,74.98,87,100,6.02
395,Esil,KZ,2021-04-11 20:16:56,51.9556,66.4042,30.06,97,24,6.42
396,Pathein,MM,2021-04-11 20:15:07,16.7833,94.7333,78.33,82,59,5.5
397,Vao,NC,2021-04-11 20:06:14,-22.6667,167.4833,75.69,78,40,6.69
398,Borgarnes,IS,2021-04-11 20:16:57,64.5383,-21.9206,37.99,85,100,15.01
399,Bhag,PK,2021-04-11 20:16:57,29.0415,67.8239,88.18,8,18,6.55
400,Denpasar,ID,2021-04-11 20:15:25,-8.65,115.2167,80.6,89,20,3.44
401,Praia Da Vitoria,PT,2021-04-11 20:11:54,38.7333,-27.0667,66.2,77,20,9.37
402,Derzhavinsk,KZ,2021-04-11 20:16:58,51.1,66.3167,29.93,95,24,8.48
403,Solhan,TR,2021-04-11 20:16:58,38.9634,41.0293,38.32,87,89,2.75
404,Santa Vitoria,BR,2021-04-11 20:16:59,-18.8386,-50.1214,87.8,25,0,2.8
405,Yaring,TH,2021-04-11 20:16:59,6.8662,101.3689,78.58,83,6,7.67
406,Maragogi,BR,2021-04-11 20:17:00,-9.0122,-35.2225,78.03,85,100,9.48
407,Nelson Bay,AU,2021-04-11 20:16:24,-32.7167,152.15,51.01,66,1,10.36
408,Wewak,PG,2021-04-11 20:17:00,-3.5534,143.6268,76.17,89,100,7.58
409,Zinder,NE,2021-04-11 20:17:00,13.8072,8.9881,87.62,7,67,11.52
410,Los Llanos De Aridane,ES,2021-04-11 20:15:34,28.6585,-17.9182,68.0,77,20,1.52
411,Pinotepa Nacional,MX,2021-04-11 20:17:01,16.3167,-98.0167,90.79,37,0,12.28
412,Quirinopolis,BR,2021-04-11 20:17:02,-18.4483,-50.4517,86.81,27,0,0.67
413,Libreville,GA,2021-04-11 20:17:02,0.3925,9.4537,77.0,88,20,5.75
414,Aykhal,RU,2021-04-11 20:12:33,66.0,111.5,-5.37,94,78,4.94
415,Vila Do Maio,CV,2021-04-11 20:17:03,15.1333,-23.2167,75.2,53,0,21.85
416,Nikolayevsk-Na-Amure,RU,2021-04-11 20:17:04,53.1406,140.73,24.48,69,100,11.5
417,Progreso,MX,2021-04-11 20:17:04,21.2833,-89.6667,104.0,31,40,6.91
418,Port Hardy,CA,2021-04-11 20:08:22,50.6996,-127.4199,44.6,45,20,13.8
419,Tessalit,ML,2021-04-11 20:17:05,20.1986,1.0114,90.72,8,4,7.56
420,Anadyr,RU,2021-04-11 20:16:26,64.75,177.4833,-4.0,77,100,29.08
421,Palasa,IN,2021-04-11 20:17:05,18.7667,84.4167,76.53,91,6,6.98
422,Abong Mbang,CM,2021-04-11 20:17:05,3.9833,13.1833,66.74,97,100,3.67
423,Matane,CA,2021-04-11 20:17:06,48.8286,-67.522,48.2,93,100,4.61
424,Nabire,ID,2021-04-11 20:17:06,-3.3667,135.4833,73.94,90,42,3.91
425,Leningradskiy,RU,2021-04-11 20:16:23,69.3833,178.4167,-12.41,91,12,5.44
426,Hutchinson,US,2021-04-11 20:15:45,38.0608,-97.9298,82.4,14,1,17.27
427,Yerbogachen,RU,2021-04-11 20:16:15,61.2767,108.0108,4.37,97,73,2.75
428,Ryugasaki,JP,2021-04-11 20:17:07,35.9,140.1833,55.0,87,20,3.44
429,Mildura,AU,2021-04-11 20:17:07,-34.2,142.15,41.0,75,0,3.44
430,Chimore,BO,2021-04-11 20:17:07,-16.9833,-65.1333,79.5,90,80,2.04
431,Kununurra,AU,2021-04-11 20:17:07,-15.7667,128.7333,73.4,100,90,2.95
432,Toba,JP,2021-04-11 20:15:12,34.4833,136.85,50.0,76,40,4.61
433,Harper,LR,2021-04-11 20:17:08,4.375,-7.7169,81.52,80,20,9.86
434,Trairi,BR,2021-04-11 20:17:08,-3.2778,-39.2689,81.52,77,98,10.18
435,Victor Harbor,AU,2021-04-11 20:17:09,-35.5667,138.6167,54.0,73,100,6.29
436,Jumla,NP,2021-04-11 20:17:09,29.2747,82.1838,43.34,30,0,4.99
437,Lasa,IT,2021-04-11 20:07:00,46.6166,10.7002,48.99,93,75,6.91
438,Te Anau,NZ,2021-04-11 20:14:11,-45.4167,167.7167,48.51,94,63,1.28
439,Kargat,RU,2021-04-11 20:17:10,55.1956,80.2811,31.93,94,100,5.41
440,Fort Nelson,CA,2021-04-11 20:12:22,58.8053,-122.7002,23.0,39,20,11.5
441,Bezhetsk,RU,2021-04-11 20:17:10,57.7851,36.6965,42.26,91,100,7.23
442,Valdez,EC,2021-04-11 20:17:11,1.2492,-78.9831,80.69,76,100,6.62
443,Kangaatsiaq,GL,2021-04-11 20:17:11,68.3065,-53.4641,30.97,79,100,8.79
444,Hastings,GB,2021-04-11 20:17:12,50.8552,0.5729,39.0,78,76,1.99
445,Manono,CD,2021-04-11 20:17:12,-7.3,27.4167,69.57,93,100,4.12
446,Rahon,IN,2021-04-11 20:17:13,31.05,76.1167,76.03,16,73,5.46
447,Lesnoy,RU,2021-04-11 20:17:13,57.6198,63.0784,45.48,94,100,7.11
448,Lata,PT,2021-04-11 20:15:42,40.1629,-8.3327,57.99,86,23,1.48
449,Flinders,AU,2021-04-11 20:10:53,-34.5833,150.8552,50.0,50,6,13.8
450,Sarakhs,IR,2021-04-11 20:17:14,36.5449,61.1577,69.8,28,23,4.61
451,Durazno,UY,2021-04-11 20:17:14,-33.4131,-56.5006,64.4,82,75,18.41
452,General Pico,AR,2021-04-11 20:17:15,-35.6566,-63.7568,71.01,47,0,5.46
453,Morehead,US,2021-04-11 20:17:15,37.2711,-87.1764,70.0,28,1,17.27
454,Sakakah,SA,2021-04-11 20:17:16,29.9697,40.2064,59.0,25,0,3.44
455,Luganville,VU,2021-04-11 20:17:16,-15.5333,167.1667,76.68,84,87,0.49
456,Hofn,IS,2021-04-11 20:08:00,64.2539,-15.2082,37.94,95,100,10.96
457,Husavik,IS,2021-04-11 20:16:26,66.0449,-17.3389,35.6,75,90,6.91
458,Kolokani,ML,2021-04-11 20:17:17,13.5728,-8.0339,90.93,7,0,10.11
459,Martaban,MM,2021-04-11 20:17:17,16.5314,97.6111,79.61,77,90,1.16
460,Eyl,SO,2021-04-11 20:14:41,7.9803,49.8164,80.04,69,53,8.5
461,Cockburn Town,TC,2021-04-11 20:17:18,21.4612,-71.1419,78.8,61,40,13.8
462,Njinikom,CM,2021-04-11 20:17:18,6.2333,10.2833,63.84,90,100,3.38
463,Comodoro Rivadavia,AR,2021-04-11 20:12:33,-45.8667,-67.5,73.4,43,75,18.41
464,Aban,RU,2021-04-11 20:17:19,56.67,96.06,31.93,97,100,10.16
465,Monteagudo,BO,2021-04-11 20:17:19,-19.8167,-63.9833,69.8,88,90,7.27
466,Lodwar,KE,2021-04-11 20:17:19,3.1191,35.5973,86.07,45,53,21.74
467,Tsumeb,NA,2021-04-11 20:17:20,-19.2333,17.7167,65.86,40,3,10.67
468,Estelle,US,2021-04-11 20:12:21,29.8458,-90.1067,80.01,41,75,4.61
469,Bairiki,KI,2021-04-11 20:17:20,1.3292,172.9752,82.4,78,75,4.61
470,Constitucion,CL,2021-04-11 20:15:14,-35.3333,-72.4167,68.2,54,0,18.54
471,Shakhovskaya,RU,2021-04-11 20:17:21,56.0283,35.5097,45.81,74,8,6.53
472,Raudeberg,NO,2021-04-11 20:14:19,61.9875,5.1352,39.0,80,7,15.43
473,Ngozi,BI,2021-04-11 20:17:22,-2.9075,29.8306,55.56,96,23,1.19
474,Bestobe,KZ,2021-04-11 20:17:22,52.4994,73.0975,32.61,94,100,2.77
475,Rongcheng,CN,2021-04-11 20:13:39,30.634,117.8517,56.77,98,100,0.47
476,Akdagmadeni,TR,2021-04-11 20:17:22,39.6603,35.8836,29.53,96,100,2.35
477,Arlit,NE,2021-04-11 20:14:17,18.7369,7.3853,89.83,6,0,10.69
478,Katobu,ID,2021-04-11 20:17:23,-4.9408,122.5276,73.63,91,14,1.5
479,Huilong,CN,2021-04-11 20:17:23,31.8111,121.655,62.01,99,100,1.99
480,Kupang,ID,2021-04-11 20:14:21,-10.1667,123.5833,76.23,88,73,1.83
481,Port Hedland,AU,2021-04-11 20:15:58,-20.3167,118.5667,78.8,94,40,4.61
482,Zhigansk,RU,2021-04-11 20:08:04,66.7697,123.3711,-3.73,99,26,11.48
483,Araouane,ML,2021-04-11 20:17:24,18.9048,-3.5265,92.14,8,0,8.12
484,Port Moresby,PG,2021-04-11 20:17:24,-9.4431,147.1797,73.4,94,40,5.75
485,Garowe,SO,2021-04-11 20:08:51,8.4054,48.4845,73.92,72,58,13.33
486,Dandong,CN,2021-04-11 20:17:25,40.1292,124.3947,49.17,58,100,3.96
487,Coquimbo,CL,2021-04-11 20:12:54,-29.9533,-71.3436,60.8,77,20,14.97
488,Pindwara,IN,2021-04-11 20:17:26,24.8,73.0667,80.37,10,5,0.76
489,Port Blair,IN,2021-04-11 20:15:08,11.6667,92.75,81.79,77,100,4.52
490,Labuan,MY,2021-04-11 20:17:26,5.2767,115.2417,75.2,100,20,5.1
491,San Ramon,US,2021-04-11 20:15:01,37.7799,-121.978,75.0,30,1,3.44
492,Tulsipur,NP,2021-04-11 20:17:27,28.131,82.2973,68.45,12,0,7.09
493,Vanimo,PG,2021-04-11 20:12:19,-2.6741,141.3028,78.17,88,100,6.4
494,Suicheng,CN,2021-04-11 20:17:27,33.8963,117.9331,54.0,97,100,3.87
495,Srednekolymsk,RU,2021-04-11 20:16:41,67.45,153.6833,-25.91,100,100,1.34
496,Jardim,BR,2021-04-11 20:12:57,-21.4803,-56.1381,86.47,46,100,1.45
497,Boende,CD,2021-04-11 20:17:28,-0.2167,20.8667,66.83,98,100,2.26
498,Chicama,PE,2021-04-11 20:16:54,-7.8447,-79.1469,69.8,83,20,10.36
499,San Quintin,MX,2021-04-11 20:17:28,30.4833,-115.95,63.55,66,47,12.19
500,Owando,CG,2021-04-11 20:15:24,-0.4819,15.8999,72.01,95,77,2.28
501,Junction City,US,2021-04-11 20:17:29,39.0286,-96.8314,75.2,27,1,14.97
502,Luwingu,ZM,2021-04-11 20:17:29,-10.2621,29.9271,61.54,96,89,4.52
503,Zanjan,IR,2021-04-11 20:17:30,36.6736,48.4787,53.85,31,63,6.11
504,Imperia,IT,2021-04-11 20:16:11,43.9667,7.7833,55.99,76,0,4.61
505,Firozabad,IN,2021-04-11 20:17:30,27.15,78.4167,84.15,7,0,1.9
506,Pingzhuang,CN,2021-04-11 20:17:31,42.0372,119.2889,46.08,66,5,11.01
507,Valdivia,CL,2021-04-11 20:17:31,-39.8142,-73.2459,66.2,68,75,3.44
508,Avera,US,2021-04-11 20:15:42,33.194,-82.5271,77.0,64,75,10.36
509,Morros,BR,2021-04-11 20:17:32,-9.4467,-46.3003,84.24,55,100,2.91
510,Santa Luzia,BR,2021-04-11 20:17:33,-19.7697,-43.8514,80.6,41,0,3.44
511,Sinjar,IQ,2021-04-11 20:17:33,36.3209,41.8754,52.56,44,9,4.07
512,Tevaitoa,PF,2021-04-11 20:17:33,-16.7833,-151.5,81.84,75,100,12.28
513,Goderich,CA,2021-04-11 20:15:11,43.7501,-81.7165,59.0,72,98,6.91
514,Bahia Blanca,AR,2021-04-11 20:17:34,-38.7196,-62.2724,72.43,34,0,5.82
515,Toamasina,MG,2021-04-11 20:17:35,-18.1667,49.3833,75.2,100,75,3.44
516,Singaparna,ID,2021-04-11 20:17:35,-7.3515,108.111,71.71,96,87,0.76
517,Pacific Grove,US,2021-04-11 20:11:35,36.6177,-121.9166,57.2,62,40,10.36
518,Tambura,SS,2021-04-11 20:17:36,5.6,27.4667,77.25,60,98,3.83
519,Skarzysko-Kamienna,PL,2021-04-11 20:14:39,51.1131,20.8716,55.99,44,100,4.0
520,San Miguel,SV,2021-04-11 20:13:13,13.4833,-88.1833,99.88,31,6,4.9
521,Knysna,ZA,2021-04-11 20:17:36,-34.0363,23.0471,57.2,100,90,4.61
522,Santa Rosa,PH,2021-04-11 20:12:57,14.3122,121.1114,79.0,73,20,5.75
523,Vuktyl,RU,2021-04-11 20:17:37,63.8567,57.3094,34.23,81,7,11.95
524,Guerrero Negro,MX,2021-04-11 20:17:37,27.9769,-114.0611,67.5,57,97,14.32
525,Broome,US,2021-04-11 20:17:37,42.2506,-75.833,62.01,94,90,11.5
526,Eureka,US,2021-04-11 20:17:38,40.8021,-124.1637,59.0,60,0,8.99
527,Jacqueville,CI,2021-04-11 20:17:38,5.2052,-4.4146,84.2,84,20,8.05
528,Alice Springs,AU,2021-04-11 20:12:08,-23.7,133.8833,52.0,87,51,3.44
529,Acarau,BR,2021-04-11 20:15:24,-2.8856,-40.12,81.07,79,100,12.59
530,Klaksvik,FO,2021-04-11 20:15:38,62.2266,-6.589,32.0,74,77,2.3
531,Falun,SE,2021-04-11 20:17:39,60.6036,15.626,37.99,75,90,12.66
532,Bukachacha,RU,2021-04-11 20:14:48,52.9833,116.9167,11.71,53,6,4.79
533,Cartagena,CO,2021-04-11 20:17:39,10.3997,-75.5144,87.8,70,40,9.22
534,Ayr,GB,2021-04-11 20:17:40,55.4627,-4.6339,37.4,70,40,5.75
535,Ambilobe,MG,2021-04-11 20:17:40,-13.2,49.05,74.26,91,90,2.01
536,Great Yarmouth,GB,2021-04-11 20:17:16,52.6083,1.7305,36.0,80,79,5.75
537,Taitung,TW,2021-04-11 20:17:41,22.7583,121.1444,71.67,82,15,4.12
538,Marzuq,YE,2021-04-11 20:16:43,14.4,46.4667,66.94,65,3,6.71
539,Asyut,EG,2021-04-11 20:16:54,27.181,31.1837,60.8,48,0,11.5
540,Saint-Leu,RE,2021-04-11 20:17:42,-21.15,55.2833,78.8,73,0,5.75
541,Shakawe,BW,2021-04-11 20:17:42,-18.3667,21.85,66.67,45,16,4.94
542,Morgan City,US,2021-04-11 20:14:03,29.6994,-91.2068,81.0,41,1,4.61
543,Tecoanapa,MX,2021-04-11 20:13:19,16.5167,-98.75,85.15,53,0,12.41
544,The Valley,AI,2021-04-11 20:15:27,18.217,-63.0578,80.6,57,20,11.5
545,Penarroya-Pueblonuevo,ES,2021-04-11 20:17:42,38.3,-5.2667,60.8,72,0,5.75
546,Svetlyy,RU,2021-04-11 20:17:43,54.675,20.1347,53.6,58,0,6.71
547,Fernie,CA,2021-04-11 20:17:43,49.5,-115.0687,33.8,86,100,5.75
548,Grand Gaube,MU,2021-04-11 20:09:16,-20.0064,57.6608,78.01,81,100,3.0
549,Acara,BR,2021-04-11 20:17:43,-1.9608,-48.1967,82.89,78,44,3.83
550,Birao,CF,2021-04-11 20:17:44,10.2849,22.7882,83.35,12,100,6.4
551,Bonavista,CA,2021-04-11 20:08:41,48.6499,-53.1147,35.6,100,100,8.05
552,Acapulco,MX,2021-04-11 20:09:07,16.8634,-99.8901,84.2,65,1,12.66
553,Mackay,AU,2021-04-11 20:17:45,-21.15,149.2,69.8,73,40,5.75
554,Payao,PH,2021-04-11 20:17:45,10.1833,122.95,77.09,81,87,4.81
555,Bay Saint Louis,US,2021-04-11 20:17:45,30.3088,-89.33,78.8,36,1,4.61
556,Yulara,AU,2021-04-11 20:08:50,-25.2406,130.9889,59.0,51,8,9.22
557,Neepawa,CA,2021-04-11 20:17:46,50.2289,-99.4664,53.6,47,75,26.46
558,Tazovskiy,RU,2021-04-11 20:14:46,67.4667,78.7,30.97,97,100,17.27
559,Ballina,AU,2021-04-11 20:15:11,-28.8667,153.5667,59.0,47,90,8.05
560,Koulamoutou,GA,2021-04-11 20:17:46,-1.1303,12.4736,71.91,95,49,2.33
561,Iquitos,PE,2021-04-11 20:17:47,-3.7481,-73.2472,89.6,58,40,3.44
562,Soyo,AO,2021-04-11 20:14:01,-6.1349,12.3689,80.2,80,59,2.91
563,Lazaro Cardenas,MX,2021-04-11 20:15:12,17.9583,-102.2,83.17,56,1,12.28
564,Pimentel,PE,2021-04-11 20:17:47,-6.8367,-79.9342,77.0,61,0,19.57
565,Kankon,IN,2021-04-11 20:17:48,15.0167,74.0167,80.6,69,40,1.14
566,Timmins,CA,2021-04-11 20:17:19,48.4669,-81.3331,71.6,40,90,16.11
567,Bago,MM,2021-04-11 20:16:18,17.3367,96.4797,80.6,83,40,3.44
568,Nacala,MZ,2021-04-11 20:17:49,-14.5428,40.6728,75.47,88,100,6.64
569,Kristiansund,NO,2021-04-11 20:17:49,63.1115,7.732,37.4,70,2,11.5
570,Antananarivo,MG,2021-04-11 20:17:50,-18.9137,47.5361,64.4,88,20,4.61
571,Chazuta,PE,2021-04-11 20:17:50,-6.5742,-76.1367,91.4,55,40,4.61
